experiment,model,preprocessing,accuracy,recall_macro,f1_macro,auc_macro,recall_akiec,f1_akiec,recall_bcc,f1_bcc,recall_bkl,f1_bkl,recall_df,f1_df,recall_mel,f1_mel,recall_nv,f1_nv,recall_vasc,f1_vasc
efficientnet_b3_none,b3,none,0.8189712758851035,0.7001627643529907,0.6809282277534807,0.9493683173241856,0.5098039215686274,0.5909090909090909,0.8181818181818182,0.7325581395348837,0.7261146496815286,0.6647230320699709,0.6818181818181818,0.5555555555555556,0.6428571428571429,0.6334310850439883,0.886,0.9063938618925832,0.6363636363636364,0.6829268292682926
