experiment,model,preprocessing,accuracy,recall_macro,f1_macro,auc_macro,recall_akiec,f1_akiec,recall_bcc,f1_bcc,recall_bkl,f1_bkl,recall_df,f1_df,recall_mel,f1_mel,recall_nv,f1_nv,recall_vasc,f1_vasc
efficientnet_b1_both,b1,both,0.7922511690046761,0.7168561532314142,0.6841252910270486,0.9420091769155571,0.5686274509803921,0.5979381443298969,0.8181818181818182,0.6810810810810811,0.6878980891719745,0.6334310850439883,0.7272727272727273,0.6274509803921569,0.5892857142857143,0.5484764542936288,0.854,0.8909754825247783,0.7727272727272727,0.8095238095238095
