experiment,model,preprocessing,accuracy,recall_macro,f1_macro,auc_macro,recall_akiec,f1_akiec,recall_bcc,f1_bcc,recall_bkl,f1_bkl,recall_df,f1_df,recall_mel,f1_mel,recall_nv,f1_nv,recall_vasc,f1_vasc
efficientnet_b3_dullrazor,b3,dullrazor,0.781563126252505,0.7085616338023338,0.6716063162898621,0.960777945304964,0.5882352941176471,0.631578947368421,0.7662337662337663,0.7421383647798743,0.7133757961783439,0.656891495601173,0.6363636363636364,0.6086956521739131,0.7619047619047619,0.5765765765765766,0.812,0.8731182795698924,0.6818181818181818,0.6122448979591836
