experiment,model,preprocessing,accuracy,recall_macro,f1_macro,auc_macro,recall_akiec,f1_akiec,recall_bcc,f1_bcc,recall_bkl,f1_bkl,recall_df,f1_df,recall_mel,f1_mel,recall_nv,f1_nv,recall_vasc,f1_vasc
efficientnet_b0_dullrazor,b0,dullrazor,0.7989311957247829,0.7067897915390825,0.6835456203353033,0.9446339958558336,0.7450980392156863,0.6785714285714286,0.8181818181818182,0.7636363636363637,0.6687898089171974,0.6325301204819277,0.5,0.55,0.7380952380952381,0.6048780487804878,0.841,0.8885367142102484,0.6363636363636364,0.6666666666666666
