experiment,model,preprocessing,accuracy,recall_macro,f1_macro,auc_macro,recall_akiec,f1_akiec,recall_bcc,f1_bcc,recall_bkl,f1_bkl,recall_df,f1_df,recall_mel,f1_mel,recall_nv,f1_nv,recall_vasc,f1_vasc
efficientnet_b1_dullrazor,b1,dullrazor,0.7889111556446226,0.6870412090719321,0.6512601786727216,0.9450771780393258,0.6274509803921569,0.5871559633027523,0.7402597402597403,0.7125,0.6878980891719745,0.6118980169971672,0.5454545454545454,0.5454545454545454,0.6309523809523809,0.5698924731182796,0.85,0.8919202518363064,0.7272727272727273,0.64
