experiment,model,preprocessing,accuracy,recall_macro,f1_macro,auc_macro,recall_akiec,f1_akiec,recall_bcc,f1_bcc,recall_bkl,f1_bkl,recall_df,f1_df,recall_mel,f1_mel,recall_nv,f1_nv,recall_vasc,f1_vasc
efficientnet_b1_colorconstancy,b1,colorconstancy,0.7955911823647295,0.7185931248005862,0.6677847110707165,0.948566691093192,0.6666666666666666,0.5811965811965812,0.7402597402597403,0.6745562130177515,0.6242038216560509,0.6261980830670927,0.7272727272727273,0.6037735849056604,0.6904761904761905,0.5979381443298969,0.854,0.8951781970649895,0.7272727272727273,0.6956521739130435
