experiment,model,preprocessing,accuracy,recall_macro,f1_macro,auc_macro,recall_akiec,f1_akiec,recall_bcc,f1_bcc,recall_bkl,f1_bkl,recall_df,f1_df,recall_mel,f1_mel,recall_nv,f1_nv,recall_vasc,f1_vasc
efficientnet_b2_both,b2,both,0.7595190380761523,0.6838689472314694,0.6233026723635475,0.9506599192290003,0.5686274509803921,0.58,0.8701298701298701,0.6907216494845361,0.7197452229299363,0.5900783289817232,0.5454545454545454,0.45283018867924524,0.6547619047619048,0.5597964376590331,0.792,0.8674698795180723,0.6363636363636364,0.6222222222222223
