experiment,model,preprocessing,accuracy,recall_macro,f1_macro,auc_macro,recall_akiec,f1_akiec,recall_bcc,f1_bcc,recall_bkl,f1_bkl,recall_df,f1_df,recall_mel,f1_mel,recall_nv,f1_nv,recall_vasc,f1_vasc
efficientnet_b0_colorconstancy,b0,colorconstancy,0.824315297261189,0.7148582759102483,0.7139213453404244,0.9616923003405518,0.6862745098039216,0.6363636363636364,0.8051948051948052,0.7294117647058824,0.6305732484076433,0.6578073089700995,0.6363636363636364,0.6666666666666666,0.7202380952380952,0.6419098143236074,0.889,0.9085334695963209,0.6363636363636364,0.7567567567567568
