experiment,model,preprocessing,accuracy,recall_macro,f1_macro,auc_macro,recall_akiec,f1_akiec,recall_bcc,f1_bcc,recall_bkl,f1_bkl,recall_df,f1_df,recall_mel,f1_mel,recall_nv,f1_nv,recall_vasc,f1_vasc
efficientnet_b2_none,b2,none,0.8203072812291249,0.7385998135212394,0.7060206433117159,0.9559471323517076,0.6078431372549019,0.6391752577319587,0.8961038961038961,0.7840909090909091,0.7006369426751592,0.6586826347305389,0.7727272727272727,0.6666666666666667,0.6845238095238095,0.6199460916442049,0.872,0.9069162766510661,0.6363636363636364,0.6666666666666666
