experiment,model,preprocessing,accuracy,recall_macro,f1_macro,auc_macro,recall_akiec,f1_akiec,recall_bcc,f1_bcc,recall_bkl,f1_bkl,recall_df,f1_df,recall_mel,f1_mel,recall_nv,f1_nv,recall_vasc,f1_vasc
efficientnet_b3_colorconstancy,b3,colorconstancy,0.7882431529726119,0.6933073138925517,0.6678834672410151,0.9536601123347338,0.5294117647058824,0.54,0.7272727272727273,0.7088607594936708,0.7133757961783439,0.6153846153846153,0.6363636363636364,0.5384615384615385,0.625,0.5753424657534247,0.849,0.8876110820700471,0.7727272727272727,0.8095238095238095
