experiment,model,preprocessing,accuracy,recall_macro,f1_macro,auc_macro,recall_akiec,f1_akiec,recall_bcc,f1_bcc,recall_bkl,f1_bkl,recall_df,f1_df,recall_mel,f1_mel,recall_nv,f1_nv,recall_vasc,f1_vasc
efficientnet_b0_none,b0,none,0.8162992651970608,0.7184158696483804,0.6999035243849446,0.9552409841603859,0.5882352941176471,0.576923076923077,0.8311688311688312,0.7529411764705883,0.6624203821656051,0.6520376175548588,0.6818181818181818,0.6666666666666666,0.7619047619047619,0.6481012658227848,0.867,0.9026548672566371,0.6363636363636364,0.7000000000000001
