experiment,model,preprocessing,accuracy,recall_macro,f1_macro,auc_macro,recall_akiec,f1_akiec,recall_bcc,f1_bcc,recall_bkl,f1_bkl,recall_df,f1_df,recall_mel,f1_mel,recall_nv,f1_nv,recall_vasc,f1_vasc
efficientnet_b3_both,b3,both,0.7267869071476286,0.6496059030444836,0.6087515740431757,0.9446443887791871,0.6666666666666666,0.5666666666666667,0.7142857142857143,0.6432748538011696,0.6178343949044586,0.5639534883720929,0.4090909090909091,0.4285714285714286,0.75,0.5174537987679672,0.753,0.8413407821229051,0.6363636363636364,0.7000000000000001
