experiment,model,preprocessing,accuracy,recall_macro,f1_macro,auc_macro,recall_akiec,f1_akiec,recall_bcc,f1_bcc,recall_bkl,f1_bkl,recall_df,f1_df,recall_mel,f1_mel,recall_nv,f1_nv,recall_vasc,f1_vasc
efficientnet_b0_both,b0,both,0.7929191716766867,0.7181812745943775,0.7070073401780718,0.9522201706134389,0.6666666666666666,0.6296296296296297,0.7532467532467533,0.7073170731707318,0.6815286624203821,0.6484848484848484,0.6363636363636364,0.6829268292682926,0.7261904761904762,0.5741176470588235,0.836,0.8860625331213566,0.7272727272727273,0.8205128205128205
