experiment,model,preprocessing,accuracy,recall_macro,f1_macro,auc_macro,recall_akiec,f1_akiec,recall_bcc,f1_bcc,recall_bkl,f1_bkl,recall_df,f1_df,recall_mel,f1_mel,recall_nv,f1_nv,recall_vasc,f1_vasc
efficientnet_b1_none,b1,none,0.8136272545090181,0.7192032138854384,0.6986110555993069,0.9488649827620365,0.6274509803921569,0.5981308411214953,0.7662337662337663,0.7612903225806451,0.6305732484076433,0.6036585365853658,0.7272727272727273,0.6530612244897959,0.6726190476190477,0.6243093922651934,0.883,0.9056410256410257,0.7272727272727273,0.7441860465116279
