experiment,model,preprocessing,accuracy,recall_macro,f1_macro,auc_macro,recall_akiec,f1_akiec,recall_bcc,f1_bcc,recall_bkl,f1_bkl,recall_df,f1_df,recall_mel,f1_mel,recall_nv,f1_nv,recall_vasc,f1_vasc
efficientnet_b2_dullrazor,b2,dullrazor,0.7628590514362057,0.7157188288169929,0.6520998698265776,0.9513619915251497,0.6470588235294118,0.5641025641025642,0.7532467532467533,0.7295597484276729,0.6369426751592356,0.591715976331361,0.8181818181818182,0.5806451612903226,0.7202380952380952,0.545045045045045,0.798,0.8707037643207857,0.6363636363636364,0.6829268292682926
