experiment,model,preprocessing,accuracy,recall_macro,f1_macro,auc_macro,recall_akiec,f1_akiec,recall_bcc,f1_bcc,recall_bkl,f1_bkl,recall_df,f1_df,recall_mel,f1_mel,recall_nv,f1_nv,recall_vasc,f1_vasc
efficientnet_b2_colorconstancy,b2,colorconstancy,0.8196392785571143,0.6889526835632921,0.6784822379308796,0.9540844950067798,0.5098039215686274,0.5148514851485149,0.8051948051948052,0.7469879518072291,0.6751592356687898,0.6563467492260062,0.6363636363636364,0.6086956521739131,0.7202380952380952,0.6453333333333334,0.885,0.9104938271604939,0.5909090909090909,0.6666666666666667
